INSERT INTO PEGAWAI VALUES('PEG01','ANWAR',20,'JL. KANGKUNG 1, SURABAYA','MANAJER UTAMA','L');
INSERT INTO PEGAWAI VALUES('PEG02','LALA',36,'JL. TOMAT 67, SURABAYA','MANAJER KASIR','P');
INSERT INTO PEGAWAI VALUES('PEG03','JOKO',24,'JL. GAMBAS 13, SURABAYA','MANAJER GUDANG','L');
INSERT INTO PEGAWAI VALUES('PEG04','CERIA',23,'JL. BAYAM 92, SURABAYA','KASIR','P');
INSERT INTO PEGAWAI VALUES('PEG05','BAGAS',35,'JL. SAWI 23, SURABAYA','KASIR','L');
INSERT INTO PEGAWAI VALUES('PEG06','INKA',37,'JL. SELADA 74, SURABAYA','KASIR','P');
INSERT INTO PEGAWAI VALUES('PEG07','PUTRI',29,'JL. WALUH 14, SURABAYA','KASIR','P');
INSERT INTO PEGAWAI VALUES('PEG08','BELINA',24,'JL. KECAMBAH 10, SURABAYA','KASIR','P');
INSERT INTO PEGAWAI VALUES('PEG09','ARGI',23,'JL. TERONG 9, SURABAYA','KASIR','L');
INSERT INTO PEGAWAI VALUES('PEG10','ANGEL',29,'JL. WORTEL 88, SURABAYA','KASIR','P');
INSERT INTO PEGAWAI VALUES('PEG11','YANI',30,'JL. BAWANG 15, SURABAYA','KASIR','P');
INSERT INTO PEGAWAI VALUES('PEG12','CELICIA',26,'JL. LABU 41, SURABAYA','KASIR','P');
INSERT INTO PEGAWAI VALUES('PEG13','INA',21,'JL. LOBAK 70, SURABAYA','KASIR','P');
INSERT INTO PEGAWAI VALUES('PEG14','SANDRA',23,'JL. KACANG 46, SURABAYA','KASIR','P');
INSERT INTO PEGAWAI VALUES('PEG15','DEWI',28,'JL. JAGUNG 50, SURABAYA','KASIR','P');
INSERT INTO PEGAWAI VALUES('PEG16','ERNI',34,'JL. SIGNKONG 11, SURABAYA','KASIR','P');
INSERT INTO PEGAWAI VALUES('PEG17','SALSA',26,'JL. PARE 12, SURABAYA','KASIR','P');
INSERT INTO PEGAWAI VALUES('PEG18','TANI',28,'JL. REBUNG 13, SURABAYA','KASIR','L');
INSERT INTO PEGAWAI VALUES('PEG19','RENA',29,'JL. KUBIS 57, SURABAYA','KASIR','P');
INSERT INTO PEGAWAI VALUES('PEG20','MIA',32,'JL. BUNCIS 12, SURABAYA','KASIR','P');
INSERT INTO PEGAWAI VALUES('PEG21','MARIA',25,'JL. BROKOLI 96, SURABAYA','KASIR','P');
INSERT INTO PEGAWAI VALUES('PEG22','FANI',34,'JL. BENGKOANG 20, SURABAYA','KASIR','P');
INSERT INTO PEGAWAI VALUES('PEG23','TEO',25,'JL. DAUN 11, SURABAYA','GUDANG','L');
INSERT INTO PEGAWAI VALUES('PEG24','WATI',23,'JL. CABAI 30, SURABAYA','GUDANG','P');
INSERT INTO PEGAWAI VALUES('PEG25','AYU',35,'JL. MANISA 84, SURABAYA','GUDANG','P');
INSERT INTO PEGAWAI VALUES('PEG26','BINTANG',35,'JL. SELEDRI 8, SURABAYA','GUDANG','L');
INSERT INTO PEGAWAI VALUES('PEG27','FITRIA',27,'JL. SERAI 9, SURABAYA','GUDANG','P');
INSERT INTO PEGAWAI VALUES('PEG28','GIO',29,'JL. UBI 10, SURABAYA','GUDANG','L');
INSERT INTO PEGAWAI VALUES('PEG29','TIA',32,'JL. TIMUN 14, SURABAYA','GUDANG','P');
INSERT INTO PEGAWAI VALUES('PEG30','UMAR',21,'JL. PAPRIKA 15, SURABAYA','GUDANG','L');
INSERT INTO PEGAWAI VALUES('PEG31','WIJAYA',30,'JL. PETAI 71, SURABAYA','GUDANG','L');
INSERT INTO PEGAWAI VALUES('PEG32','NIA',25,'JL. MERICA 2, SURABAYA','GUDANG','P');

INSERT INTO JENIS_BARANG VALUES('JB01','MAKANAN');
INSERT INTO JENIS_BARANG VALUES('JB02','MINUMAN');
INSERT INTO JENIS_BARANG VALUES('JB03','ALAT MANDI');
INSERT INTO JENIS_BARANG VALUES('JB04','ALAT TULIS');
INSERT INTO JENIS_BARANG VALUES('JB05','ALAT MAKAN');
INSERT INTO JENIS_BARANG VALUES('JB06','ALAT KEBERSIHAN');
INSERT INTO JENIS_BARANG VALUES('JB07','BUAH BUAHAN');
INSERT INTO JENIS_BARANG VALUES('JB08','SAYURAN');
INSERT INTO JENIS_BARANG VALUES('JB09','OBAT OBATAN');
INSERT INTO JENIS_BARANG VALUES('JB10','ALAT MASAK');
INSERT INTO JENIS_BARANG VALUES('JB11','PERABOTAN');

INSERT INTO SUPPLIER VALUES('SP01','PT. NUSANTARA',8942001,'JL. MUJAIR 20, SURABAYA');
INSERT INTO SUPPLIER VALUES('SP02','PT. SEJAHTERA',8942010,'JL. BANDENG, SIDOARJO 20');
INSERT INTO SUPPLIER VALUES('SP03','PT. MAKMUR',8942020,'JL. TONGKOL 30, GRESIK');
INSERT INTO SUPPLIER VALUES('SP04','PT. JAYA',8942030,'JL. KAKAP 30, LAMONGAN');
INSERT INTO SUPPLIER VALUES('SP05','PT. TERANG',8942040,'JL. LELE 40, PASURUAN');
INSERT INTO SUPPLIER VALUES('SP06','PT. SINAR',8942050,'JL. GURAMI 40, MALANG');
INSERT INTO SUPPLIER VALUES('SP07','PT. BERKARYA',8942060,'JL. DORANG 50, LAMONGAN');
INSERT INTO SUPPLIER VALUES('SP08','PT. MAJU',8942070,'JL. PATIN 50, SIDOARJO');
INSERT INTO SUPPLIER VALUES('SP09','PT. PANTANG',8942080,'JL. DORI 60, PASURUAN');
INSERT INTO SUPPLIER VALUES('SP10','PT. BERSATU',8942090,'JL. KUTUK 60, MOJOKERTO');
INSERT INTO SUPPLIER VALUES('SP11','PT. LANCAR',8942100,'JL. TOMBRO 70, GRESIK');
INSERT INTO SUPPLIER VALUES('SP12','PT. SUKSES',8942110,'JL. NILA 70, SURABAYA');

INSERT INTO SUPPLIER_KONSINYASI VALUES('SK01','BU IMELDA',08167567676);
INSERT INTO SUPPLIER_KONSINYASI VALUES('SK02','SHAN GANTENG',08211111857);
INSERT INTO SUPPLIER_KONSINYASI VALUES('SK03','BU YUMI',08677281233);
INSERT INTO SUPPLIER_KONSINYASI VALUES('SK04','OKE TANCAP GAS',08712763273);
INSERT INTO SUPPLIER_KONSINYASI VALUES('SK05','MAJU MUNDUR OKE',08292138232);
INSERT INTO SUPPLIER_KONSINYASI VALUES('SK06','BU SEGAR',08971237189);
INSERT INTO SUPPLIER_KONSINYASI VALUES('SK07','BU VIKI',08911123231);
INSERT INTO SUPPLIER_KONSINYASI VALUES('SK08','PAK SODI',08123892391);
INSERT INTO SUPPLIER_KONSINYASI VALUES('SK09','MAT SOLAR',08192398299);
INSERT INTO SUPPLIER_KONSINYASI VALUES('SK10','PAK BENSIN',08812372834);

INSERT INTO NOTA_BELI VALUES('NB01','PEG23','SP01',TO_DATE('2019-08-19','YYYY-MM-DD'),'LUNAS',TO_DATE('2019-08-19','YYYY-MM-DD'),NULL);
INSERT INTO NOTA_BELI VALUES('NB02','PEG27','SP01',TO_DATE('2019-08-19','YYYY-MM-DD'),'LUNAS',TO_DATE('2019-08-19','YYYY-MM-DD'),NULL);
INSERT INTO NOTA_BELI VALUES('NB03','PEG28','SP02',TO_DATE('2019-08-19','YYYY-MM-DD'),'LUNAS',TO_DATE('2019-08-19','YYYY-MM-DD'),NULL);
INSERT INTO NOTA_BELI VALUES('NB04','PEG23','SP03',TO_DATE('2019-08-19','YYYY-MM-DD'),'LUNAS',TO_DATE('2019-08-19','YYYY-MM-DD'),NULL);
INSERT INTO NOTA_BELI VALUES('NB05','PEG24','SP04',TO_DATE('2019-08-19','YYYY-MM-DD'),'BELUM LUNAS',NULL,TO_DATE('2019-08-26','YYYY-MM-DD'));
INSERT INTO NOTA_BELI VALUES('NB06','PEG25','SP05',TO_DATE('2019-08-19','YYYY-MM-DD'),'BELUM LUNAS',NULL,TO_DATE('2019-08-26','YYYY-MM-DD'));
INSERT INTO NOTA_BELI VALUES('NB07','PEG29','SP06',TO_DATE('2019-08-19','YYYY-MM-DD'),'LUNAS',TO_DATE('2019-08-19','YYYY-MM-DD'),NULL);
INSERT INTO NOTA_BELI VALUES('NB08','PEG25','SP02',TO_DATE('2019-08-20','YYYY-MM-DD'),'BELUM LUNAS',NULL,TO_DATE('2019-08-27','YYYY-MM-DD'));
INSERT INTO NOTA_BELI VALUES('NB09','PEG26','SP05',TO_DATE('2019-08-20','YYYY-MM-DD'),'BELUM LUNAS',NULL,TO_DATE('2019-08-27','YYYY-MM-DD'));
INSERT INTO NOTA_BELI VALUES('NB10','PEG28','SP08',TO_DATE('2019-08-20','YYYY-MM-DD'),'BELUM LUNAS',NULL,TO_DATE('2019-08-27','YYYY-MM-DD'));

INSERT INTO NOTA_BELI VALUES('NB11','PEG29','SP06',TO_DATE('2019-08-20','YYYY-MM-DD'),'LUNAS',TO_DATE('2019-08-20','YYYY-MM-DD'),NULL);
INSERT INTO NOTA_BELI VALUES('NB12','PEG24','SP07',TO_DATE('2019-08-20','YYYY-MM-DD'),'LUNAS',TO_DATE('2019-08-20','YYYY-MM-DD'),NULL);
INSERT INTO NOTA_BELI VALUES('NB13','PEG23','SP09',TO_DATE('2019-08-20','YYYY-MM-DD'),'LUNAS',TO_DATE('2019-08-20','YYYY-MM-DD'),NULL);
INSERT INTO NOTA_BELI VALUES('NB14','PEG25','SP08',TO_DATE('2019-08-20','YYYY-MM-DD'),'LUNAS',TO_DATE('2019-08-20','YYYY-MM-DD'),NULL);
INSERT INTO NOTA_BELI VALUES('NB15','PEG26','SP07',TO_DATE('2019-08-21','YYYY-MM-DD'),'LUNAS',TO_DATE('2019-08-21','YYYY-MM-DD'),NULL);
INSERT INTO NOTA_BELI VALUES('NB16','PEG27','SP10',TO_DATE('2019-08-21','YYYY-MM-DD'),'BELUM LUNAS',NULL,TO_DATE('2019-08-28','YYYY-MM-DD'));
INSERT INTO NOTA_BELI VALUES('NB17','PEG29','SP11',TO_DATE('2019-08-21','YYYY-MM-DD'),'BELUM LUNAS',NULL,TO_DATE('2019-08-28','YYYY-MM-DD'));
INSERT INTO NOTA_BELI VALUES('NB18','PEG30','SP12',TO_DATE('2019-08-21','YYYY-MM-DD'),'LUNAS',TO_DATE('2019-08-21','YYYY-MM-DD'),NULL);
INSERT INTO NOTA_BELI VALUES('NB19','PEG31','SP01',TO_DATE('2019-08-21','YYYY-MM-DD'),'LUNAS',TO_DATE('2019-08-21','YYYY-MM-DD'),NULL);
INSERT INTO NOTA_BELI VALUES('NB20','PEG25','SP10',TO_DATE('2019-08-21','YYYY-MM-DD'),'BELUM LUNAS',NULL,TO_DATE('2019-08-28','YYYY-MM-DD'));

INSERT INTO NOTA_BELI VALUES('NB21','PEG27','SP06',TO_DATE('2019-08-22','YYYY-MM-DD'),'BELUM LUNAS',NULL,TO_DATE('2019-08-29','YYYY-MM-DD'));
INSERT INTO NOTA_BELI VALUES('NB22','PEG29','SP05',TO_DATE('2019-08-22','YYYY-MM-DD'),'BELUM LUNAS',NULL,TO_DATE('2019-08-29','YYYY-MM-DD'));
INSERT INTO NOTA_BELI VALUES('NB23','PEG26','SP08',TO_DATE('2019-08-22','YYYY-MM-DD'),'LUNAS',TO_DATE('2019-08-22','YYYY-MM-DD'),NULL);
INSERT INTO NOTA_BELI VALUES('NB24','PEG24','SP12',TO_DATE('2019-08-22','YYYY-MM-DD'),'LUNAS',TO_DATE('2019-08-22','YYYY-MM-DD'),NULL);
INSERT INTO NOTA_BELI VALUES('NB25','PEG23','SP10',TO_DATE('2019-08-23','YYYY-MM-DD'),'LUNAS',TO_DATE('2019-08-23','YYYY-MM-DD'),NULL);
INSERT INTO NOTA_BELI VALUES('NB26','PEG32','SP12',TO_DATE('2019-08-23','YYYY-MM-DD'),'LUNAS',TO_DATE('2019-08-23','YYYY-MM-DD'),NULL);
INSERT INTO NOTA_BELI VALUES('NB27','PEG32','SP10',TO_DATE('2019-08-23','YYYY-MM-DD'),'LUNAS',TO_DATE('2019-08-23','YYYY-MM-DD'),NULL);
INSERT INTO NOTA_BELI VALUES('NB28','PEG31','SP05',TO_DATE('2019-08-23','YYYY-MM-DD'),'BELUM LUNAS',NULL,TO_DATE('2019-08-19','YYYY-MM-DD'));
INSERT INTO NOTA_BELI VALUES('NB29','PEG30','SP09',TO_DATE('2019-08-23','YYYY-MM-DD'),'BELUM LUNAS',NULL,TO_DATE('2019-08-19','YYYY-MM-DD'));
INSERT INTO NOTA_BELI VALUES('NB30','PEG30','SP09',TO_DATE('2019-08-23','YYYY-MM-DD'),'LUNAS',TO_DATE('2019-08-23','YYYY-MM-DD'),NULL);

INSERT INTO NOTA_BELI VALUES('NB31','PEG23','SP06',TO_DATE('2019-08-24','YYYY-MM-DD'),'LUNAS',TO_DATE('2019-08-24','YYYY-MM-DD'),NULL);
INSERT INTO NOTA_BELI VALUES('NB32','PEG24','SP04',TO_DATE('2019-08-24','YYYY-MM-DD'),'LUNAS',TO_DATE('2019-08-24','YYYY-MM-DD'),NULL);
INSERT INTO NOTA_BELI VALUES('NB33','PEG25','SP02',TO_DATE('2019-08-24','YYYY-MM-DD'),'LUNAS',TO_DATE('2019-08-24','YYYY-MM-DD'),NULL);
INSERT INTO NOTA_BELI VALUES('NB34','PEG26','SP03',TO_DATE('2019-08-24','YYYY-MM-DD'),'LUNAS',TO_DATE('2019-08-24','YYYY-MM-DD'),NULL);
INSERT INTO NOTA_BELI VALUES('NB35','PEG27','SP10',TO_DATE('2019-08-24','YYYY-MM-DD'),'LUNAS',TO_DATE('2019-08-24','YYYY-MM-DD'),NULL);
INSERT INTO NOTA_BELI VALUES('NB36','PEG28','SP07',TO_DATE('2019-08-24','YYYY-MM-DD'),'LUNAS',TO_DATE('2019-08-24','YYYY-MM-DD'),NULL);
INSERT INTO NOTA_BELI VALUES('NB37','PEG29','SP08',TO_DATE('2019-08-24','YYYY-MM-DD'),'BELUM LUNAS',NULL,TO_DATE('2019-08-31','YYYY-MM-DD'));
INSERT INTO NOTA_BELI VALUES('NB38','PEG30','SP11',TO_DATE('2019-08-24','YYYY-MM-DD'),'LUNAS',TO_DATE('2019-08-24','YYYY-MM-DD'),NULL);
INSERT INTO NOTA_BELI VALUES('NB39','PEG31','SP04',TO_DATE('2019-08-25','YYYY-MM-DD'),'BELUM LUNAS',NULL,TO_DATE('2019-09-01','YYYY-MM-DD'));
INSERT INTO NOTA_BELI VALUES('NB40','PEG32','SP04',TO_DATE('2019-08-25','YYYY-MM-DD'),'LUNAS',TO_DATE('2019-08-25','YYYY-MM-DD'),NULL);

INSERT INTO NOTA_BELI VALUES('NB41','PEG27','SP08',TO_DATE('2019-08-25','YYYY-MM-DD'),'LUNAS',TO_DATE('2019-08-25','YYYY-MM-DD'),NULL);
INSERT INTO NOTA_BELI VALUES('NB42','PEG26','SP09',TO_DATE('2019-08-25','YYYY-MM-DD'),'BELUM LUNAS',NULL,TO_DATE('2019-09-01','YYYY-MM-DD'));
INSERT INTO NOTA_BELI VALUES('NB43','PEG25','SP03',TO_DATE('2019-08-25','YYYY-MM-DD'),'LUNAS',TO_DATE('2019-08-25','YYYY-MM-DD'),NULL);
INSERT INTO NOTA_BELI VALUES('NB44','PEG29','SP12',TO_DATE('2019-08-25','YYYY-MM-DD'),'LUNAS',TO_DATE('2019-08-25','YYYY-MM-DD'),NULL);
INSERT INTO NOTA_BELI VALUES('NB45','PEG23','SP10',TO_DATE('2019-08-25','YYYY-MM-DD'),'BELUM LUNAS',NULL,TO_DATE('2019-08-01','YYYY-MM-DD'));

INSERT INTO JENIS_MEMBER VALUES('JM01','PREMIUM',150000,20);
INSERT INTO JENIS_MEMBER VALUES('JM02','GOLD',100000,10);
INSERT INTO JENIS_MEMBER VALUES('JM03','SILVER',50000,5);

INSERT INTO MEMBER VALUES('MB01','JM01','FENDY',082244454367,'L');
INSERT INTO MEMBER VALUES('MB02','JM03','MICHAEL SHAN',08213234334,'L');
INSERT INTO MEMBER VALUES('MB03','JM02','YONGKI TANU',082244454067,'L');
INSERT INTO MEMBER VALUES('MB04','JM02','FABIAN',082515436672,'L');
INSERT INTO MEMBER VALUES('MB05','JM02','ANDI SUGI',08224342197,'L');
INSERT INTO MEMBER VALUES('MB06','JM02','NUGROHO',08223431278,'L');
INSERT INTO MEMBER VALUES('MB07','JM03','HALIM',08221987667,'L');
INSERT INTO MEMBER VALUES('MB08','JM03','HENDRIKUS',08221213579,'L');
INSERT INTO MEMBER VALUES('MB09','JM03','BOBBY SUGIANTO',08244544241,'L');
INSERT INTO MEMBER VALUES('MB10','JM01','ROBERT',08229393724,'L');
INSERT INTO MEMBER VALUES('MB11','JM03','BOBBY HARTANTO',08212342878,'L');
INSERT INTO MEMBER VALUES('MB12','JM02','LISA',08227575643,'P');
INSERT INTO MEMBER VALUES('MB13','JM03','ANASTASHIA',08641112112,'P');
INSERT INTO MEMBER VALUES('MB14','JM02','NICOLETA',08224443425,'P');
INSERT INTO MEMBER VALUES('MB15','JM01','SANIA',08237776798,'P');
INSERT INTO MEMBER VALUES('MB16','JM01','RICHARD',0821233221,'L');
INSERT INTO MEMBER VALUES('MB17','JM02','MATIAS',08212778809,'L');
INSERT INTO MEMBER VALUES('MB18','JM02','DARIEL',08229999099,'L');
INSERT INTO MEMBER VALUES('MB19','JM03','ANGELA',08253142378,'P');
INSERT INTO MEMBER VALUES('MB20','JM03','JOHNSON',08251233212,'L');
INSERT INTO MEMBER VALUES('MB21','JM03','SEBASTIAN',08755643568,'L');
INSERT INTO MEMBER VALUES('MB22','JM01','YANG MOY',0819923457,'P');
INSERT INTO MEMBER VALUES('MB23','JM02','SIAU HUNG',08872349876,'P');
INSERT INTO MEMBER VALUES('MB24','JM02','WILDAN',0812122221,'L');
INSERT INTO MEMBER VALUES('MB25','JM03','ABRAHAM',08993214529,'L');

INSERT INTO AREA VALUES('AR01','SURABAYA UTARA',5000);
INSERT INTO AREA VALUES('AR02','SURABAYA TIMUR',5000);
INSERT INTO AREA VALUES('AR03','SURABAYA BARAT',10000);
INSERT INTO AREA VALUES('AR04','SURABAYA SELATAN',7500);

INSERT INTO PENGIRIMAN VALUES('AP01','MB01','JL. PECATU NO 5');
INSERT INTO PENGIRIMAN VALUES('AP02','MB11','JL. KARANG 4 GANG 2');
INSERT INTO PENGIRIMAN VALUES('AP03','MB13','JL. SEMANGKA NO 5');
INSERT INTO PENGIRIMAN VALUES('AP04','MB12','JL. KUINGIN BERSAMAMU');
INSERT INTO PENGIRIMAN VALUES('AP05','MB01','JL. GEMINI NO 7A');
INSERT INTO PENGIRIMAN VALUES('AP06','MB02','JL. KENANGAN NO 55V');
INSERT INTO PENGIRIMAN VALUES('AP07','MB05','JL. PUTRO AYU NO 1A');
INSERT INTO PENGIRIMAN VALUES('AP08','MB05','PERUM. PONDOK CANDRI E55');
INSERT INTO PENGIRIMAN VALUES('AP09','MB18','JL. APEL NO 2');
INSERT INTO PENGIRIMAN VALUES('AP10','MB05','JL. STTS NO 5');
INSERT INTO PENGIRIMAN VALUES('AP11','MB06','JL. PUTRO AGUNG 4 NO 2');
INSERT INTO PENGIRIMAN VALUES('AP12','MB07','JL. BRONGGALAN NO 2');
INSERT INTO PENGIRIMAN VALUES('AP13','MB05','JL. CABAI NO 20');
INSERT INTO PENGIRIMAN VALUES('AP14','MB08','JL. BAMBU TUMPUL NO 12BF');
INSERT INTO PENGIRIMAN VALUES('AP15','MB09','PERUM. PONDOK INDAH NO 20F');

INSERT INTO NOTA_JUAL VALUES('NJ01','MB02','AP01','PEG04',TO_DATE('2019-08-20','YYYY-MM-DD')); 
INSERT INTO NOTA_JUAL VALUES('NJ02','MB01',NULL,'PEG04',TO_DATE('2019-08-20','YYYY-MM-DD')); 
INSERT INTO NOTA_JUAL VALUES('NJ03','MB23','AP01','PEG10',TO_DATE('2019-08-20','YYYY-MM-DD')); 
INSERT INTO NOTA_JUAL VALUES('NJ04','MB05',NULL,'PEG08',TO_DATE('2019-08-20','YYYY-MM-DD'));
INSERT INTO NOTA_JUAL VALUES('NJ05','MB03',NULL,'PEG09',TO_DATE('2019-08-20','YYYY-MM-DD')); 
INSERT INTO NOTA_JUAL VALUES('NJ06',NULL,NULL,'PEG11',TO_DATE('2019-08-20','YYYY-MM-DD')); 
INSERT INTO NOTA_JUAL VALUES('NJ07',NULL,NULL,'PEG20',TO_DATE('2019-08-20','YYYY-MM-DD')); 
INSERT INTO NOTA_JUAL VALUES('NJ08','MB08',NULL,'PEG21',TO_DATE('2019-08-20','YYYY-MM-DD')); 
INSERT INTO NOTA_JUAL VALUES('NJ09',NULL,NULL,'PEG11',TO_DATE('2019-08-20','YYYY-MM-DD')); 
INSERT INTO NOTA_JUAL VALUES('NJ10','MB10',NULL,'PEG22',TO_DATE('2019-08-20','YYYY-MM-DD')); 
INSERT INTO NOTA_JUAL VALUES('NJ11','MB12','AP02','PEG05',TO_DATE('2019-08-20','YYYY-MM-DD')); 
INSERT INTO NOTA_JUAL VALUES('NJ12','MB05','AP02','PEG07',TO_DATE('2019-08-20','YYYY-MM-DD')); 

INSERT INTO NOTA_JUAL VALUES('NJ13',NULL,NULL,'PEG17',TO_DATE('2019-08-21','YYYY-MM-DD')); 
INSERT INTO NOTA_JUAL VALUES('NJ14',NULL,'AP03','PEG18',TO_DATE('2019-08-21','YYYY-MM-DD')); 
INSERT INTO NOTA_JUAL VALUES('NJ15','MB25','AP04','PEG09',TO_DATE('2019-08-21','YYYY-MM-DD')); 
INSERT INTO NOTA_JUAL VALUES('NJ16','MB03','AP05','PEG13',TO_DATE('2019-08-21','YYYY-MM-DD')); 
INSERT INTO NOTA_JUAL VALUES('NJ17','MB09',NULL,'PEG12',TO_DATE('2019-08-21','YYYY-MM-DD')); 
INSERT INTO NOTA_JUAL VALUES('NJ18','MB02',NULL,'PEG14',TO_DATE('2019-08-21','YYYY-MM-DD')); 

INSERT INTO NOTA_JUAL VALUES('NJ19',NULL,NULL,'PEG15',TO_DATE('2019-08-22','YYYY-MM-DD')); 
INSERT INTO NOTA_JUAL VALUES('NJ20',NULL,NULL,'PEG16',TO_DATE('2019-08-22','YYYY-MM-DD')); 
INSERT INTO NOTA_JUAL VALUES('NJ21','MB17','AP05','PEG18',TO_DATE('2019-08-22','YYYY-MM-DD')); 
INSERT INTO NOTA_JUAL VALUES('NJ22','MB19','AP06','PEG04',TO_DATE('2019-08-22','YYYY-MM-DD')); 
INSERT INTO NOTA_JUAL VALUES('NJ23','MB12',NULL,'PEG05',TO_DATE('2019-08-22','YYYY-MM-DD')); 

INSERT INTO NOTA_JUAL VALUES('NJ24','MB11',NULL,'PEG16',TO_DATE('2019-08-23','YYYY-MM-DD')); 
INSERT INTO NOTA_JUAL VALUES('NJ25','MB19',NULL,'PEG17',TO_DATE('2019-08-23','YYYY-MM-DD'));  
INSERT INTO NOTA_JUAL VALUES('NJ26','MB21',NULL,'PEG04',TO_DATE('2019-08-23','YYYY-MM-DD')); 
INSERT INTO NOTA_JUAL VALUES('NJ27','MB23',NULL,'PEG05',TO_DATE('2019-08-23','YYYY-MM-DD')); 
INSERT INTO NOTA_JUAL VALUES('NJ28','MB22',NULL,'PEG06',TO_DATE('2019-08-23','YYYY-MM-DD')); 
INSERT INTO NOTA_JUAL VALUES('NJ29',NULL,NULL,'PEG07',TO_DATE('2019-08-23','YYYY-MM-DD')); 
INSERT INTO NOTA_JUAL VALUES('NJ30','MB05','AP07','PEG09',TO_DATE('2019-08-23','YYYY-MM-DD')); 
INSERT INTO NOTA_JUAL VALUES('NJ31','MB02','AP08','PEG08',TO_DATE('2019-08-23','YYYY-MM-DD')); 
INSERT INTO NOTA_JUAL VALUES('NJ32','MB06',NULL,'PEG10',TO_DATE('2019-08-23','YYYY-MM-DD')); 

INSERT INTO NOTA_JUAL VALUES('NJ33',NULL,NULL,'PEG11',TO_DATE('2019-08-24','YYYY-MM-DD')); 
INSERT INTO NOTA_JUAL VALUES('NJ34','MB06',NULL,'PEG17',TO_DATE('2019-08-24','YYYY-MM-DD'));
INSERT INTO NOTA_JUAL VALUES('NJ35','MB08','AP09','PEG19',TO_DATE('2019-08-24','YYYY-MM-DD')); 
INSERT INTO NOTA_JUAL VALUES('NJ36',NULL,NULL,'PEG15',TO_DATE('2019-08-24','YYYY-MM-DD'));
INSERT INTO NOTA_JUAL VALUES('NJ37','MB24',NULL,'PEG16',TO_DATE('2019-08-24','YYYY-MM-DD')); 
INSERT INTO NOTA_JUAL VALUES('NJ38','MB25',NULL,'PEG19',TO_DATE('2019-08-24','YYYY-MM-DD')); 
INSERT INTO NOTA_JUAL VALUES('NJ39','MB20',NULL,'PEG20',TO_DATE('2019-08-24','YYYY-MM-DD')); 

INSERT INTO NOTA_JUAL VALUES('NJ40','MB13',NULL,'PEG21',TO_DATE('2019-08-25','YYYY-MM-DD')); 
INSERT INTO NOTA_JUAL VALUES('NJ41',NULL,NULL,'PEG22',TO_DATE('2019-08-25','YYYY-MM-DD')); 
INSERT INTO NOTA_JUAL VALUES('NJ42','MB01','AP10','PEG05',TO_DATE('2019-08-25','YYYY-MM-DD'));
INSERT INTO NOTA_JUAL VALUES('NJ43','MB02','AP11','PEG04',TO_DATE('2019-08-25','YYYY-MM-DD')); 
INSERT INTO NOTA_JUAL VALUES('NJ44','MB03','AP12','PEG06',TO_DATE('2019-08-25','YYYY-MM-DD')); 

INSERT INTO NOTA_JUAL VALUES('NJ45','MB06',NULL,'PEG06',TO_DATE('2019-08-26','YYYY-MM-DD')); 
INSERT INTO NOTA_JUAL VALUES('NJ46','MB05','AP13','PEG07',TO_DATE('2019-08-26','YYYY-MM-DD')); 
INSERT INTO NOTA_JUAL VALUES('NJ47','MB04',NULL,'PEG08',TO_DATE('2019-08-26','YYYY-MM-DD'));
INSERT INTO NOTA_JUAL VALUES('NJ48','MB07','AP13','PEG09',TO_DATE('2019-08-26','YYYY-MM-DD'));
INSERT INTO NOTA_JUAL VALUES('NJ49','MB08',NULL,'PEG07',TO_DATE('2019-08-26','YYYY-MM-DD')); 
INSERT INTO NOTA_JUAL VALUES('NJ50','MB09',NULL,'PEG11',TO_DATE('2019-08-26','YYYY-MM-DD')); 
INSERT INTO NOTA_JUAL VALUES('NJ51','MB10',NULL,'PEG04',TO_DATE('2019-08-26','YYYY-MM-DD')); 
INSERT INTO NOTA_JUAL VALUES('NJ52','MB11',NULL,'PEG12',TO_DATE('2019-08-26','YYYY-MM-DD')); 

INSERT INTO NOTA_JUAL VALUES('NJ53','MB12',NULL,'PEG11',TO_DATE('2019-08-27','YYYY-MM-DD'));
INSERT INTO NOTA_JUAL VALUES('NJ54','MB13','AP14','PEG13',TO_DATE('2019-08-27','YYYY-MM-DD')); 
INSERT INTO NOTA_JUAL VALUES('NJ55','MB14',NULL,'PEG17',TO_DATE('2019-08-27','YYYY-MM-DD'));
INSERT INTO NOTA_JUAL VALUES('NJ56','MB15',NULL,'PEG18',TO_DATE('2019-08-27','YYYY-MM-DD')); 
INSERT INTO NOTA_JUAL VALUES('NJ57','MB18',NULL,'PEG22',TO_DATE('2019-08-27','YYYY-MM-DD')); 
INSERT INTO NOTA_JUAL VALUES('NJ58','MB17',NULL,'PEG21',TO_DATE('2019-08-27','YYYY-MM-DD')); 
INSERT INTO NOTA_JUAL VALUES('NJ59','MB19',NULL,'PEG11',TO_DATE('2019-08-27','YYYY-MM-DD')); 
INSERT INTO NOTA_JUAL VALUES('NJ60','MB20',NULL,'PEG17',TO_DATE('2019-08-27','YYYY-MM-DD'));
INSERT INTO NOTA_JUAL VALUES('NJ61','MB25',NULL,'PEG05',TO_DATE('2019-08-27','YYYY-MM-DD')); 
INSERT INTO NOTA_JUAL VALUES('NJ62','MB24',NULL,'PEG18',TO_DATE('2019-08-27','YYYY-MM-DD')); 
INSERT INTO NOTA_JUAL VALUES('NJ63','MB23',NULL,'PEG13',TO_DATE('2019-08-27','YYYY-MM-DD')); 
INSERT INTO NOTA_JUAL VALUES('NJ64','MB21',NULL,'PEG19',TO_DATE('2019-08-27','YYYY-MM-DD')); 

INSERT INTO NOTA_JUAL VALUES('NJ65','MB22',NULL,'PEG15',TO_DATE('2019-08-28','YYYY-MM-DD')); 
INSERT INTO NOTA_JUAL VALUES('NJ66','MB01',NULL,'PEG17',TO_DATE('2019-08-28','YYYY-MM-DD')); 
INSERT INTO NOTA_JUAL VALUES('NJ67','MB02',NULL,'PEG18',TO_DATE('2019-08-28','YYYY-MM-DD')); 
INSERT INTO NOTA_JUAL VALUES('NJ68','MB03',NULL,'PEG21',TO_DATE('2019-08-28','YYYY-MM-DD')); 
INSERT INTO NOTA_JUAL VALUES('NJ69',NULL,NULL,'PEG22',TO_DATE('2019-08-28','YYYY-MM-DD')); 
INSERT INTO NOTA_JUAL VALUES('NJ70','MB07','AP15','PEG22',TO_DATE('2019-08-28','YYYY-MM-DD')); 

INSERT INTO NOTA_JUAL VALUES('NJ71','MB11',NULL,'PEG04',TO_DATE('2019-08-29','YYYY-MM-DD'));
INSERT INTO NOTA_JUAL VALUES('NJ72','MB17','AP01','PEG06',TO_DATE('2019-08-29','YYYY-MM-DD')); 
INSERT INTO NOTA_JUAL VALUES('NJ73','MB19',NULL,'PEG19',TO_DATE('2019-08-29','YYYY-MM-DD'));
INSERT INTO NOTA_JUAL VALUES('NJ74','MB15',NULL,'PEG07',TO_DATE('2019-08-29','YYYY-MM-DD')); 
INSERT INTO NOTA_JUAL VALUES('NJ75','MB14',NULL,'PEG09',TO_DATE('2019-08-29','YYYY-MM-DD')); 
INSERT INTO NOTA_JUAL VALUES('NJ76',NULL,'AP02','PEG10',TO_DATE('2019-08-29','YYYY-MM-DD')); 
INSERT INTO NOTA_JUAL VALUES('NJ77',NULL,NULL,'PEG13',TO_DATE('2019-08-29','YYYY-MM-DD')); 
INSERT INTO NOTA_JUAL VALUES('NJ78','MB20','AP03','PEG12',TO_DATE('2019-08-29','YYYY-MM-DD')); 
INSERT INTO NOTA_JUAL VALUES('NJ79','MB23','AP04','PEG13',TO_DATE('2019-08-29','YYYY-MM-DD')); 
INSERT INTO NOTA_JUAL VALUES('NJ80','MB16',NULL,'PEG15',TO_DATE('2019-08-29','YYYY-MM-DD'));   

INSERT INTO NOTA_JUAL VALUES('NJ81','MB11',NULL,'PEG11',TO_DATE('2019-09-07','YYYY-MM-DD'));
INSERT INTO NOTA_JUAL VALUES('NJ82','MB15','AP05','PEG05',TO_DATE('2019-09-11','YYYY-MM-DD'));
INSERT INTO NOTA_JUAL VALUES('NJ83','MB22','AP06','PEG05',TO_DATE('2019-09-19','YYYY-MM-DD'));
INSERT INTO NOTA_JUAL VALUES('NJ84',NULL,NULL,'PEG17',TO_DATE('2019-09-20','YYYY-MM-DD'));
INSERT INTO NOTA_JUAL VALUES('NJ85','MB04',NULL,'PEG16',TO_DATE('2019-09-24','YYYY-MM-DD'));
INSERT INTO NOTA_JUAL VALUES('NJ86',NULL,NULL,'PEG19',TO_DATE('2019-09-25','YYYY-MM-DD'));
INSERT INTO NOTA_JUAL VALUES('NJ87',NULL,NULL,'PEG14',TO_DATE('2019-09-30','YYYY-MM-DD'));

INSERT INTO NOTA_JUAL VALUES('NJ88','MB01',NULL,'PEG11',TO_DATE('2019-10-05','YYYY-MM-DD'));
INSERT INTO NOTA_JUAL VALUES('NJ89','MB16','AP07','PEG15',TO_DATE('2019-10-11','YYYY-MM-DD'));
INSERT INTO NOTA_JUAL VALUES('NJ90','MB07',NULL,'PEG20',TO_DATE('2019-10-20','YYYY-MM-DD'));
INSERT INTO NOTA_JUAL VALUES('NJ91',NULL,NULL,'PEG10',TO_DATE('2019-10-25','YYYY-MM-DD'));
INSERT INTO NOTA_JUAL VALUES('NJ92','MB02',NULL,'PEG13',TO_DATE('2019-10-30','YYYY-MM-DD'));

INSERT INTO NOTA_JUAL VALUES('NJ93','MB02',NULL,'PEG06',TO_DATE('2019-11-12','YYYY-MM-DD'));
INSERT INTO NOTA_JUAL VALUES('NJ94',NULL,NULL,'PEG19',TO_DATE('2019-11-27','YYYY-MM-DD'));
INSERT INTO NOTA_JUAL VALUES('NJ95','MB15','AP08','PEG20',TO_DATE('2019-11-29','YYYY-MM-DD'));
INSERT INTO NOTA_JUAL VALUES('NJ96','MB02',NULL,'PEG13',TO_DATE('2019-11-30','YYYY-MM-DD'));

INSERT INTO NOTA_JUAL VALUES('NJ97','MB18','AP09','PEG12',TO_DATE('2019-12-07','YYYY-MM-DD'));
INSERT INTO NOTA_JUAL VALUES('NJ98','MB06',NULL,'PEG21',TO_DATE('2019-12-14','YYYY-MM-DD'));
INSERT INTO NOTA_JUAL VALUES('NJ99',NULL,NULL,'PEG12',TO_DATE('2019-12-21','YYYY-MM-DD'));

INSERT INTO NOTA_JUAL VALUES('NJ100','MB04',NULL,'PEG06',TO_DATE('2019-08-20','YYYY-MM-DD'));
INSERT INTO NOTA_JUAL VALUES('NJ101',NULL,NULL,'PEG10',TO_DATE('2019-08-21','YYYY-MM-DD'));
INSERT INTO NOTA_JUAL VALUES('NJ102','MB15','AP10','PEG20',TO_DATE('2019-08-22','YYYY-MM-DD'));
INSERT INTO NOTA_JUAL VALUES('NJ103','MB02','AP11','PEG14',TO_DATE('2019-08-23','YYYY-MM-DD'));
INSERT INTO NOTA_JUAL VALUES('NJ104','MB16',NULL,'PEG11',TO_DATE('2019-08-24','YYYY-MM-DD'));
INSERT INTO NOTA_JUAL VALUES('NJ105','MB09','AP14','PEG20',TO_DATE('2019-08-25','YYYY-MM-DD'));
INSERT INTO NOTA_JUAL VALUES('NJ106',NULL,NULL,'PEG12',TO_DATE('2019-08-26','YYYY-MM-DD'));
INSERT INTO NOTA_JUAL VALUES('NJ107','MB02','AP15','PEG06',TO_DATE('2019-08-27','YYYY-MM-DD'));
INSERT INTO NOTA_JUAL VALUES('NJ108',NULL,NULL,'PEG19',TO_DATE('2019-08-28','YYYY-MM-DD'));
INSERT INTO NOTA_JUAL VALUES('NJ109','MB15',NULL,'PEG20',TO_DATE('2019-08-29','YYYY-MM-DD')); 

INSERT INTO NOTA_JUAL VALUES('NJ110','MB02',NULL,'PEG13',TO_DATE('2019-09-30','YYYY-MM-DD'));

INSERT INTO NOTA_JUAL VALUES('NJ111','MB18',NULL,'PEG12',TO_DATE('2019-10-07','YYYY-MM-DD'));

INSERT INTO NOTA_JUAL VALUES('NJ112','MB06',NULL,'PEG21',TO_DATE('2019-11-05','YYYY-MM-DD'));

INSERT INTO NOTA_JUAL VALUES('NJ113',NULL,NULL,'PEG12',TO_DATE('2019-12-28','YYYY-MM-DD'));

INSERT INTO BARANG VALUES('BRG01','JB01','LAYS',12500,245000,20,80,15,TO_DATE('2019-11-25','YYYY-MM-DD'));
INSERT INTO BARANG VALUES('BRG02','JB01','OREO',12000,235000,20,30,15,TO_DATE('2019-11-24','YYYY-MM-DD'));
INSERT INTO BARANG VALUES('BRG03','JB01','CHITATO',10000,200000,20,20,15,TO_DATE('2019-08-24','YYYY-MM-DD'));
INSERT INTO BARANG VALUES('BRG04','JB01','ROTI',7000,80000,12,30,10,TO_DATE('2019-09-24','YYYY-MM-DD'));
INSERT INTO BARANG VALUES('BRG05','JB01','INDOMIE',3000,135000,45,50,35,TO_DATE('2020-01-25','YYYY-MM-DD'));
INSERT INTO BARANG VALUES('BRG06','JB02','COCA-COLA',12500,148000,12,20,8,TO_DATE('2019-09-20','YYYY-MM-DD'));
INSERT INTO BARANG VALUES('BRG07','JB02','SPRITE',12500,148000,12,18,8,TO_DATE('2019-09-20','YYYY-MM-DD'));
INSERT INTO BARANG VALUES('BRG08','JB02','FANTA',12500,148000,12,25,8,TO_DATE('2019-09-20','YYYY-MM-DD'));
INSERT INTO BARANG VALUES('BRG09','JB02','AIR MINERAL',5000,58000,12,100,20,TO_DATE('2019-10-22','YYYY-MM-DD'));
INSERT INTO BARANG VALUES('BRG10','JB03','SABUN',7000,500000,72,90,30,TO_DATE('2019-11-19','YYYY-MM-DD'));
INSERT INTO BARANG VALUES('BRG11','JB03','SHAMPO',23000,1650000,72,100,30,TO_DATE('2019-11-19','YYYY-MM-DD'));
INSERT INTO BARANG VALUES('BRG12','JB03','ODOL',17000,710000,42,60,35,TO_DATE('2019-10-19','YYYY-MM-DD'));
INSERT INTO BARANG VALUES('BRG13','JB03','SIKAT GIGI',10000,415000,42,40,30,NULL);
INSERT INTO BARANG VALUES('BRG14','JB03','HANDUK',23000,270000,12,10,8,NULL);
INSERT INTO BARANG VALUES('BRG15','JB04','PENSIL',3500,40000,12,24,10,NULL);
INSERT INTO BARANG VALUES('BRG16','JB04','BOLPOINT',6000,70000,12,30,10,NULL);
INSERT INTO BARANG VALUES('BRG17','JB04','TIP-X',8000,94000,12,0,10,NULL);
INSERT INTO BARANG VALUES('BRG18','JB05','SENDOK',12000,284000,24,48,20,NULL);
INSERT INTO BARANG VALUES('BRG19','JB05','GARPU',12000,284000,24,48,20,NULL);
INSERT INTO BARANG VALUES('BRG20','JB05','PIRING',15000,175000,12,20,10,NULL);
INSERT INTO BARANG VALUES('BRG21','JB05','TERMOS',27000,535000,20,15,10,NULL);
INSERT INTO BARANG VALUES('BRG22','JB06','TONGKAT PEL',17000,0,0,5,3,NULL);
INSERT INTO BARANG VALUES('BRG23','JB06','SIKAT WC',8500,123500,15,5,10,NULL);
INSERT INTO BARANG VALUES('BRG24','JB06','SAPU',12500,184500,15,5,10,NULL);
INSERT INTO BARANG VALUES('BRG25','JB07','JERUK',10000,110000,12,40,8,TO_DATE('2019-08-30','YYYY-MM-DD'));
INSERT INTO BARANG VALUES('BRG26','JB07','SEMANGKA',15000,175000,12,12,8,TO_DATE('2019-08-30','YYYY-MM-DD'));
INSERT INTO BARANG VALUES('BRG27','JB07','ANGGUR',12500,145000,12,25,8,TO_DATE('2019-08-30','YYYY-MM-DD'));
INSERT INTO BARANG VALUES('BRG28','JB07','APEL',12000,140000,12,50,8,TO_DATE('2019-08-30','YYYY-MM-DD'));
INSERT INTO BARANG VALUES('BRG29','JB07','PISANG',7000,80000,12,20,8,TO_DATE('2019-08-30','YYYY-MM-DD'));
INSERT INTO BARANG VALUES('BRG30','JB07','BUAH NAGA',9500,110000,12,35,8,TO_DATE('2019-08-30','YYYY-MM-DD'));
INSERT INTO BARANG VALUES('BRG31','JB08','BAWANG MERAH',3500,32000,10,10,5,NULL);
INSERT INTO BARANG VALUES('BRG32','JB08','BAWANG PUTIH',3000,28000,10,20,5,NULL);
INSERT INTO BARANG VALUES('BRG33','JB08','SAWI',1500,12000,10,25,12,TO_DATE('2019-08-24','YYYY-MM-DD'));
INSERT INTO BARANG VALUES('BRG34','JB08','WORTEL',2000,8000,5,20,12,TO_DATE('2019-08-27','YYYY-MM-DD'));
INSERT INTO BARANG VALUES('BRG35','JB09','PARAMEX',5000,20000,5,10,5,TO_DATE('2019-10-25','YYYY-MM-DD'));
INSERT INTO BARANG VALUES('BRG36','JB09','COUNTERPAIN',22500,105000,5,10,5,TO_DATE('2019-11-27','YYYY-MM-DD'));
INSERT INTO BARANG VALUES('BRG37','JB09','MYLANTA',14000,130000,10,0,5,TO_DATE('2019-10-27','YYYY-MM-DD'));
INSERT INTO BARANG VALUES('BRG38','JB09','MINYAK TAWON',9000,42000,5,15,5,TO_DATE('2019-11-25','YYYY-MM-DD'));
INSERT INTO BARANG VALUES('BRG39','JB10','WAJAN',47500,0,0,5,3,NULL);
INSERT INTO BARANG VALUES('BRG40','JB10','PANCI',27500,80000,3,19,5,NULL);
INSERT INTO BARANG VALUES('BRG41','JB10','SUTIL',15000,42000,3,15,10,NULL);
INSERT INTO BARANG VALUES('BRG42','JB10','PISAU',15000,27000,2,15,10,NULL);
INSERT INTO BARANG VALUES('BRG43','JB10','KOMPOR',210000,0,0,4,3,NULL);
INSERT INTO BARANG VALUES('BRG44','JB10','COBEK',55000,0,0,5,3,NULL);
INSERT INTO BARANG VALUES('BRG45','JB10','TELENAN',13000,0,0,6,5,NULL);

INSERT INTO BARANG VALUES('BRG46',NULL,'LUMPIA',3000,0,0,0,0,NULL);
INSERT INTO BARANG VALUES('BRG47',NULL,'TAHU PETIS',3000,0,0,0,0,NULL);
INSERT INTO BARANG VALUES('BRG48',NULL,'OTE OTE',2500,0,0,0,0,NULL);
INSERT INTO BARANG VALUES('BRG49',NULL,'ES BUAH',15000,0,0,0,0,NULL);
INSERT INTO BARANG VALUES('BRG50',NULL,'DONAT KENTANG',2500,0,0,0,0,NULL);
INSERT INTO BARANG VALUES('BRG51',NULL,'SATE TELUR',2000,0,0,0,0,NULL);
INSERT INTO BARANG VALUES('BRG52',NULL,'ES DAWET',8000,0,0,0,0,NULL);
INSERT INTO BARANG VALUES('BRG53',NULL,'BATAGOR',3000,0,0,0,0,NULL);
INSERT INTO BARANG VALUES('BRG54',NULL,'SATE TAICHAN',5500,0,0,0,0,NULL);
INSERT INTO BARANG VALUES('BRG55',NULL,'NASI KUCING',9000,0,0,0,0,NULL);

INSERT INTO TRANSAKSI_SUPPLIER_KONSINYASI VALUES('TR01','SK01',2500,20);
INSERT INTO TRANSAKSI_SUPPLIER_KONSINYASI VALUES('TR02','SK02',2000,25);
INSERT INTO TRANSAKSI_SUPPLIER_KONSINYASI VALUES('TR03','SK03',2000,20);
INSERT INTO TRANSAKSI_SUPPLIER_KONSINYASI VALUES('TR04','SK04',10000,30);
INSERT INTO TRANSAKSI_SUPPLIER_KONSINYASI VALUES('TR05','SK05',2000,35);
INSERT INTO TRANSAKSI_SUPPLIER_KONSINYASI VALUES('TR06','SK06',1000,40);
INSERT INTO TRANSAKSI_SUPPLIER_KONSINYASI VALUES('TR07','SK07',7000,40);
INSERT INTO TRANSAKSI_SUPPLIER_KONSINYASI VALUES('TR08','SK08',2500,40);
INSERT INTO TRANSAKSI_SUPPLIER_KONSINYASI VALUES('TR09','SK09',5000,10);
INSERT INTO TRANSAKSI_SUPPLIER_KONSINYASI VALUES('TR10','SK10',8000,10);

INSERT INTO TRANSAKSI_BARANG_KONSINYASI VALUES('BRG46','TR01');
INSERT INTO TRANSAKSI_BARANG_KONSINYASI VALUES('BRG47','TR02');
INSERT INTO TRANSAKSI_BARANG_KONSINYASI VALUES('BRG48','TR03');
INSERT INTO TRANSAKSI_BARANG_KONSINYASI VALUES('BRG49','TR04');
INSERT INTO TRANSAKSI_BARANG_KONSINYASI VALUES('BRG50','TR05');
INSERT INTO TRANSAKSI_BARANG_KONSINYASI VALUES('BRG51','TR06');
INSERT INTO TRANSAKSI_BARANG_KONSINYASI VALUES('BRG52','TR07');
INSERT INTO TRANSAKSI_BARANG_KONSINYASI VALUES('BRG53','TR08');
INSERT INTO TRANSAKSI_BARANG_KONSINYASI VALUES('BRG54','TR09');
INSERT INTO TRANSAKSI_BARANG_KONSINYASI VALUES('BRG55','TR10');

INSERT INTO NOTA_JUAL_BARANG VALUES('NJ01','BRG10',5);
INSERT INTO NOTA_JUAL_BARANG VALUES('NJ01','BRG07',3);
INSERT INTO NOTA_JUAL_BARANG VALUES('NJ01','BRG06',4);
INSERT INTO NOTA_JUAL_BARANG VALUES('NJ02','BRG08',12);
INSERT INTO NOTA_JUAL_BARANG VALUES('NJ02','BRG11',10);
INSERT INTO NOTA_JUAL_BARANG VALUES('NJ03','BRG12',20);
INSERT INTO NOTA_JUAL_BARANG VALUES('NJ03','BRG28',30);
INSERT INTO NOTA_JUAL_BARANG VALUES('NJ03','BRG25',20);
INSERT INTO NOTA_JUAL_BARANG VALUES('NJ04','BRG26',2);
INSERT INTO NOTA_JUAL_BARANG VALUES('NJ04','BRG33',3);
INSERT INTO NOTA_JUAL_BARANG VALUES('NJ04','BRG35',4);
INSERT INTO NOTA_JUAL_BARANG VALUES('NJ05','BRG14',2);
INSERT INTO NOTA_JUAL_BARANG VALUES('NJ05','BRG18',25);
INSERT INTO NOTA_JUAL_BARANG VALUES('NJ06','BRG19',25);
INSERT INTO NOTA_JUAL_BARANG VALUES('NJ06','BRG38',10);
INSERT INTO NOTA_JUAL_BARANG VALUES('NJ07','BRG15',5);
INSERT INTO NOTA_JUAL_BARANG VALUES('NJ07','BRG16',25);
INSERT INTO NOTA_JUAL_BARANG VALUES('NJ08','BRG09',15);
INSERT INTO NOTA_JUAL_BARANG VALUES('NJ08','BRG30',25);
INSERT INTO NOTA_JUAL_BARANG VALUES('NJ08','BRG13',5);
INSERT INTO NOTA_JUAL_BARANG VALUES('NJ09','BRG41',2);
INSERT INTO NOTA_JUAL_BARANG VALUES('NJ09','BRG29',3);
INSERT INTO NOTA_JUAL_BARANG VALUES('NJ09','BRG03',7);
INSERT INTO NOTA_JUAL_BARANG VALUES('NJ10','BRG27',8);
INSERT INTO NOTA_JUAL_BARANG VALUES('NJ10','BRG04',10);
INSERT INTO NOTA_JUAL_BARANG VALUES('NJ10','BRG36',1);
INSERT INTO NOTA_JUAL_BARANG VALUES('NJ10','BRG39',1);
INSERT INTO NOTA_JUAL_BARANG VALUES('NJ11','BRG20',1);
INSERT INTO NOTA_JUAL_BARANG VALUES('NJ11','BRG02',5);
INSERT INTO NOTA_JUAL_BARANG VALUES('NJ12','BRG05',1);
INSERT INTO NOTA_JUAL_BARANG VALUES('NJ12','BRG31',1);
INSERT INTO NOTA_JUAL_BARANG VALUES('NJ13','BRG32',5);
INSERT INTO NOTA_JUAL_BARANG VALUES('NJ13','BRG01',10);
INSERT INTO NOTA_JUAL_BARANG VALUES('NJ14','BRG10',5);
INSERT INTO NOTA_JUAL_BARANG VALUES('NJ15','BRG05',1);
INSERT INTO NOTA_JUAL_BARANG VALUES('NJ15','BRG07',4);
INSERT INTO NOTA_JUAL_BARANG VALUES('NJ16','BRG28',10);
INSERT INTO NOTA_JUAL_BARANG VALUES('NJ17','BRG34',10);
INSERT INTO NOTA_JUAL_BARANG VALUES('NJ17','BRG16',1);
INSERT INTO NOTA_JUAL_BARANG VALUES('NJ18','BRG05',20);
INSERT INTO NOTA_JUAL_BARANG VALUES('NJ19','BRG08',2);
INSERT INTO NOTA_JUAL_BARANG VALUES('NJ20','BRG25',1);
INSERT INTO NOTA_JUAL_BARANG VALUES('NJ20','BRG26',1);
INSERT INTO NOTA_JUAL_BARANG VALUES('NJ21','BRG33',1);
INSERT INTO NOTA_JUAL_BARANG VALUES('NJ22','BRG05',3);
INSERT INTO NOTA_JUAL_BARANG VALUES('NJ23','BRG08',1);
INSERT INTO NOTA_JUAL_BARANG VALUES('NJ23','BRG11',10);
INSERT INTO NOTA_JUAL_BARANG VALUES('NJ24','BRG27',10);
INSERT INTO NOTA_JUAL_BARANG VALUES('NJ24','BRG15',7);
INSERT INTO NOTA_JUAL_BARANG VALUES('NJ25','BRG14',1);
INSERT INTO NOTA_JUAL_BARANG VALUES('NJ25','BRG22',1);
INSERT INTO NOTA_JUAL_BARANG VALUES('NJ25','BRG10',5);
INSERT INTO NOTA_JUAL_BARANG VALUES('NJ26','BRG05',5);
INSERT INTO NOTA_JUAL_BARANG VALUES('NJ26','BRG08',3);
INSERT INTO NOTA_JUAL_BARANG VALUES('NJ27','BRG11',10);
INSERT INTO NOTA_JUAL_BARANG VALUES('NJ27','BRG42',2);
INSERT INTO NOTA_JUAL_BARANG VALUES('NJ28','BRG35',1);
INSERT INTO NOTA_JUAL_BARANG VALUES('NJ29','BRG13',1);
INSERT INTO NOTA_JUAL_BARANG VALUES('NJ30','BRG04',2);
INSERT INTO NOTA_JUAL_BARANG VALUES('NJ31','BRG31',1);
INSERT INTO NOTA_JUAL_BARANG VALUES('NJ31','BRG18',3);
INSERT INTO NOTA_JUAL_BARANG VALUES('NJ32','BRG42',5);
INSERT INTO NOTA_JUAL_BARANG VALUES('NJ33','BRG01',10);
INSERT INTO NOTA_JUAL_BARANG VALUES('NJ33','BRG12',1);
INSERT INTO NOTA_JUAL_BARANG VALUES('NJ34','BRG33',2);
INSERT INTO NOTA_JUAL_BARANG VALUES('NJ34','BRG31',1);
INSERT INTO NOTA_JUAL_BARANG VALUES('NJ35','BRG19',3);
INSERT INTO NOTA_JUAL_BARANG VALUES('NJ36','BRG09',15);
INSERT INTO NOTA_JUAL_BARANG VALUES('NJ36','BRG01',10);
INSERT INTO NOTA_JUAL_BARANG VALUES('NJ37','BRG10',5);
INSERT INTO NOTA_JUAL_BARANG VALUES('NJ38','BRG09',30);
INSERT INTO NOTA_JUAL_BARANG VALUES('NJ39','BRG01',5);
INSERT INTO NOTA_JUAL_BARANG VALUES('NJ39','BRG30',2);
INSERT INTO NOTA_JUAL_BARANG VALUES('NJ40','BRG09',5);
INSERT INTO NOTA_JUAL_BARANG VALUES('NJ40','BRG33',1);
INSERT INTO NOTA_JUAL_BARANG VALUES('NJ40','BRG27',2);
INSERT INTO NOTA_JUAL_BARANG VALUES('NJ41','BRG18',2);
INSERT INTO NOTA_JUAL_BARANG VALUES('NJ41','BRG42',3);
INSERT INTO NOTA_JUAL_BARANG VALUES('NJ42','BRG03',10);
INSERT INTO NOTA_JUAL_BARANG VALUES('NJ41','BRG02',2);
INSERT INTO NOTA_JUAL_BARANG VALUES('NJ42','BRG07',5);
INSERT INTO NOTA_JUAL_BARANG VALUES('NJ43','BRG06',1);
INSERT INTO NOTA_JUAL_BARANG VALUES('NJ44','BRG04',2);
INSERT INTO NOTA_JUAL_BARANG VALUES('NJ45','BRG11',10);
INSERT INTO NOTA_JUAL_BARANG VALUES('NJ46','BRG13',1);
INSERT INTO NOTA_JUAL_BARANG VALUES('NJ47','BRG18',1);
INSERT INTO NOTA_JUAL_BARANG VALUES('NJ48','BRG10',5);
INSERT INTO NOTA_JUAL_BARANG VALUES('NJ49','BRG20',1);
INSERT INTO NOTA_JUAL_BARANG VALUES('NJ49','BRG24',2);
INSERT INTO NOTA_JUAL_BARANG VALUES('NJ49','BRG23',1);
INSERT INTO NOTA_JUAL_BARANG VALUES('NJ50','BRG29',3);
INSERT INTO NOTA_JUAL_BARANG VALUES('NJ50','BRG09',10);
INSERT INTO NOTA_JUAL_BARANG VALUES('NJ51','BRG12',3);
INSERT INTO NOTA_JUAL_BARANG VALUES('NJ51','BRG22',1);
INSERT INTO NOTA_JUAL_BARANG VALUES('NJ52','BRG36',3);
INSERT INTO NOTA_JUAL_BARANG VALUES('NJ53','BRG05',5);
INSERT INTO NOTA_JUAL_BARANG VALUES('NJ53','BRG14',2);
INSERT INTO NOTA_JUAL_BARANG VALUES('NJ54','BRG39',1);
INSERT INTO NOTA_JUAL_BARANG VALUES('NJ55','BRG04',2);
INSERT INTO NOTA_JUAL_BARANG VALUES('NJ56','BRG43',1);
INSERT INTO NOTA_JUAL_BARANG VALUES('NJ57','BRG33',2);
INSERT INTO NOTA_JUAL_BARANG VALUES('NJ58','BRG25',2);
INSERT INTO NOTA_JUAL_BARANG VALUES('NJ59','BRG02',1);
INSERT INTO NOTA_JUAL_BARANG VALUES('NJ59','BRG06',1);
INSERT INTO NOTA_JUAL_BARANG VALUES('NJ60','BRG04',2);
INSERT INTO NOTA_JUAL_BARANG VALUES('NJ60','BRG11',10);
INSERT INTO NOTA_JUAL_BARANG VALUES('NJ61','BRG13',1);
INSERT INTO NOTA_JUAL_BARANG VALUES('NJ62','BRG18',2);
INSERT INTO NOTA_JUAL_BARANG VALUES('NJ63','BRG10',5);
INSERT INTO NOTA_JUAL_BARANG VALUES('NJ63','BRG20',1);
INSERT INTO NOTA_JUAL_BARANG VALUES('NJ64','BRG35',1);
INSERT INTO NOTA_JUAL_BARANG VALUES('NJ65','BRG23',1);
INSERT INTO NOTA_JUAL_BARANG VALUES('NJ65','BRG29',3);
INSERT INTO NOTA_JUAL_BARANG VALUES('NJ66','BRG09',5);
INSERT INTO NOTA_JUAL_BARANG VALUES('NJ57','BRG34',4);
INSERT INTO NOTA_JUAL_BARANG VALUES('NJ68','BRG14',1);
INSERT INTO NOTA_JUAL_BARANG VALUES('NJ68','BRG04',2);
INSERT INTO NOTA_JUAL_BARANG VALUES('NJ69','BRG43',1);
INSERT INTO NOTA_JUAL_BARANG VALUES('NJ70','BRG33',2);
INSERT INTO NOTA_JUAL_BARANG VALUES('NJ70','BRG25',7);
INSERT INTO NOTA_JUAL_BARANG VALUES('NJ71','BRG02',1);
INSERT INTO NOTA_JUAL_BARANG VALUES('NJ71','BRG06',1);
INSERT INTO NOTA_JUAL_BARANG VALUES('NJ72','BRG04',2);
INSERT INTO NOTA_JUAL_BARANG VALUES('NJ73','BRG11',10);
INSERT INTO NOTA_JUAL_BARANG VALUES('NJ74','BRG13',1);
INSERT INTO NOTA_JUAL_BARANG VALUES('NJ74','BRG18',1);
INSERT INTO NOTA_JUAL_BARANG VALUES('NJ75','BRG10',5);
INSERT INTO NOTA_JUAL_BARANG VALUES('NJ76','BRG20',1);
INSERT INTO NOTA_JUAL_BARANG VALUES('NJ77','BRG24',1);
INSERT INTO NOTA_JUAL_BARANG VALUES('NJ77','BRG23',1);
INSERT INTO NOTA_JUAL_BARANG VALUES('NJ78','BRG29',3);
INSERT INTO NOTA_JUAL_BARANG VALUES('NJ79','BRG09',5);
INSERT INTO NOTA_JUAL_BARANG VALUES('NJ80','BRG45',1);
INSERT INTO NOTA_JUAL_BARANG VALUES('NJ80','BRG14',1);
INSERT INTO NOTA_JUAL_BARANG VALUES('NJ81','BRG04',2);
INSERT INTO NOTA_JUAL_BARANG VALUES('NJ82','BRG43',1);
INSERT INTO NOTA_JUAL_BARANG VALUES('NJ83','BRG33',3);
INSERT INTO NOTA_JUAL_BARANG VALUES('NJ84','BRG25',2);
INSERT INTO NOTA_JUAL_BARANG VALUES('NJ85','BRG02',10);
INSERT INTO NOTA_JUAL_BARANG VALUES('NJ85','BRG06',1);
INSERT INTO NOTA_JUAL_BARANG VALUES('NJ86','BRG04',2);
INSERT INTO NOTA_JUAL_BARANG VALUES('NJ86','BRG11',10);
INSERT INTO NOTA_JUAL_BARANG VALUES('NJ86','BRG13',1);
INSERT INTO NOTA_JUAL_BARANG VALUES('NJ87','BRG18',2);
INSERT INTO NOTA_JUAL_BARANG VALUES('NJ88','BRG10',5);
INSERT INTO NOTA_JUAL_BARANG VALUES('NJ89','BRG20',1);
INSERT INTO NOTA_JUAL_BARANG VALUES('NJ89','BRG30',5);
INSERT INTO NOTA_JUAL_BARANG VALUES('NJ89','BRG23',1);
INSERT INTO NOTA_JUAL_BARANG VALUES('NJ90','BRG29',3);
INSERT INTO NOTA_JUAL_BARANG VALUES('NJ90','BRG32',3);
INSERT INTO NOTA_JUAL_BARANG VALUES('NJ91','BRG03',2);
INSERT INTO NOTA_JUAL_BARANG VALUES('NJ92','BRG14',2);
INSERT INTO NOTA_JUAL_BARANG VALUES('NJ92','BRG04',2);
INSERT INTO NOTA_JUAL_BARANG VALUES('NJ93','BRG43',1);
INSERT INTO NOTA_JUAL_BARANG VALUES('NJ93','BRG33',3);
INSERT INTO NOTA_JUAL_BARANG VALUES('NJ94','BRG25',1);
INSERT INTO NOTA_JUAL_BARANG VALUES('NJ95','BRG02',1);
INSERT INTO NOTA_JUAL_BARANG VALUES('NJ95','BRG06',1);
INSERT INTO NOTA_JUAL_BARANG VALUES('NJ95','BRG04',2);
INSERT INTO NOTA_JUAL_BARANG VALUES('NJ96','BRG11',10);
INSERT INTO NOTA_JUAL_BARANG VALUES('NJ96','BRG13',1);
INSERT INTO NOTA_JUAL_BARANG VALUES('NJ97','BRG18',2);
INSERT INTO NOTA_JUAL_BARANG VALUES('NJ98','BRG10',5);
INSERT INTO NOTA_JUAL_BARANG VALUES('NJ99','BRG20',1);
INSERT INTO NOTA_JUAL_BARANG VALUES('NJ99','BRG26',1);
INSERT INTO NOTA_JUAL_BARANG VALUES('NJ99','BRG23',1);
INSERT INTO NOTA_JUAL_BARANG VALUES('NJ100','BRG46',1);
INSERT INTO NOTA_JUAL_BARANG VALUES('NJ100','BRG47',2);
INSERT INTO NOTA_JUAL_BARANG VALUES('NJ103','BRG46',1);
INSERT INTO NOTA_JUAL_BARANG VALUES('NJ104','BRG48',2);
INSERT INTO NOTA_JUAL_BARANG VALUES('NJ105','BRG49',1);
INSERT INTO NOTA_JUAL_BARANG VALUES('NJ106','BRG50',3);
INSERT INTO NOTA_JUAL_BARANG VALUES('NJ107','BRG50',4);
INSERT INTO NOTA_JUAL_BARANG VALUES('NJ108','BRG51',1);
INSERT INTO NOTA_JUAL_BARANG VALUES('NJ109','BRG52',2);
INSERT INTO NOTA_JUAL_BARANG VALUES('NJ110','BRG53',2);
INSERT INTO NOTA_JUAL_BARANG VALUES('NJ111','BRG55',3);
INSERT INTO NOTA_JUAL_BARANG VALUES('NJ111','BRG51',2);
INSERT INTO NOTA_JUAL_BARANG VALUES('NJ112','BRG54',1);
INSERT INTO NOTA_JUAL_BARANG VALUES('NJ113','BRG54',2);

INSERT INTO NOTA_BELI_BARANG VALUES('NB01','BRG10',80,400000);
INSERT INTO NOTA_BELI_BARANG VALUES('NB01','BRG07',20,195000);
INSERT INTO NOTA_BELI_BARANG VALUES('NB02','BRG06',20,195000);
INSERT INTO NOTA_BELI_BARANG VALUES('NB03','BRG08',20,195000);
INSERT INTO NOTA_BELI_BARANG VALUES('NB03','BRG11',80,1560000);
INSERT INTO NOTA_BELI_BARANG VALUES('NB04','BRG12',50,720000);
INSERT INTO NOTA_BELI_BARANG VALUES('NB05','BRG24',20,180000);
INSERT INTO NOTA_BELI_BARANG VALUES('NB05','BRG28',20,180000);
INSERT INTO NOTA_BELI_BARANG VALUES('NB05','BRG25',20,175000);
INSERT INTO NOTA_BELI_BARANG VALUES('NB05','BRG26',20,182000);
INSERT INTO NOTA_BELI_BARANG VALUES('NB06','BRG22',10,150000);
INSERT INTO NOTA_BELI_BARANG VALUES('NB07','BRG09',36,136000);
INSERT INTO NOTA_BELI_BARANG VALUES('NB07','BRG30',20,140000);
INSERT INTO NOTA_BELI_BARANG VALUES('NB07','BRG34',15,22500);
INSERT INTO NOTA_BELI_BARANG VALUES('NB07','BRG13',50,380000);
INSERT INTO NOTA_BELI_BARANG VALUES('NB08','BRG41',6,74000);
INSERT INTO NOTA_BELI_BARANG VALUES('NB08','BRG23',20,100000);
INSERT INTO NOTA_BELI_BARANG VALUES('NB08','BRG14',20,250000);
INSERT INTO NOTA_BELI_BARANG VALUES('NB08','BRG29',20,95000);
INSERT INTO NOTA_BELI_BARANG VALUES('NB09','BRG05',50,115000);
INSERT INTO NOTA_BELI_BARANG VALUES('NB09','BRG31',20,50000);
INSERT INTO NOTA_BELI_BARANG VALUES('NB10','BRG01',40,350000);
INSERT INTO NOTA_BELI_BARANG VALUES('NB11','BRG33',15,12000);
INSERT INTO NOTA_BELI_BARANG VALUES('NB12','BRG35',15,42000);
INSERT INTO NOTA_BELI_BARANG VALUES('NB12','BRG39',5,225000);
INSERT INTO NOTA_BELI_BARANG VALUES('NB12','BRG18',36,320000);
INSERT INTO NOTA_BELI_BARANG VALUES('NB12','BRG19',36,320000);
INSERT INTO NOTA_BELI_BARANG VALUES('NB13','BRG45',5,50000);
INSERT INTO NOTA_BELI_BARANG VALUES('NB13','BRG42',10,136000);
INSERT INTO NOTA_BELI_BARANG VALUES('NB14','BRG38',10,70000);
INSERT INTO NOTA_BELI_BARANG VALUES('NB14','BRG15',20,40000);
INSERT INTO NOTA_BELI_BARANG VALUES('NB14','BRG16',20,44000);
INSERT INTO NOTA_BELI_BARANG VALUES('NB15','BRG03',30,220000);
INSERT INTO NOTA_BELI_BARANG VALUES('NB15','BRG27',24,220000);
INSERT INTO NOTA_BELI_BARANG VALUES('NB15','BRG04',20,85000);
INSERT INTO NOTA_BELI_BARANG VALUES('NB16','BRG36',10,180000);
INSERT INTO NOTA_BELI_BARANG VALUES('NB17','BRG20',20,220000);
INSERT INTO NOTA_BELI_BARANG VALUES('NB18','BRG02',30,25000);
INSERT INTO NOTA_BELI_BARANG VALUES('NB19','BRG43',5,1000000);
INSERT INTO NOTA_BELI_BARANG VALUES('NB21','BRG22',15,160000);
INSERT INTO NOTA_BELI_BARANG VALUES('NB22','BRG09',30,120000);
INSERT INTO NOTA_BELI_BARANG VALUES('NB22','BRG30',30,180000);
INSERT INTO NOTA_BELI_BARANG VALUES('NB22','BRG34',15,22500);
INSERT INTO NOTA_BELI_BARANG VALUES('NB22','BRG13',40,360000);
INSERT INTO NOTA_BELI_BARANG VALUES('NB23','BRG41',6,74000);
INSERT INTO NOTA_BELI_BARANG VALUES('NB23','BRG23',30,200000);
INSERT INTO NOTA_BELI_BARANG VALUES('NB23','BRG14',20,250000);
INSERT INTO NOTA_BELI_BARANG VALUES('NB24','BRG29',25,105000);
INSERT INTO NOTA_BELI_BARANG VALUES('NB24','BRG10',80,400000);
INSERT INTO NOTA_BELI_BARANG VALUES('NB24','BRG07',25,200000);
INSERT INTO NOTA_BELI_BARANG VALUES('NB25','BRG06',20,195000);
INSERT INTO NOTA_BELI_BARANG VALUES('NB25','BRG08',20,195000);
INSERT INTO NOTA_BELI_BARANG VALUES('NB26','BRG11',80,1560000);
INSERT INTO NOTA_BELI_BARANG VALUES('NB26','BRG12',50,720000);
INSERT INTO NOTA_BELI_BARANG VALUES('NB27','BRG24',20,180000);
INSERT INTO NOTA_BELI_BARANG VALUES('NB27','BRG28',20,180000);
INSERT INTO NOTA_BELI_BARANG VALUES('NB27','BRG25',20,175000);
INSERT INTO NOTA_BELI_BARANG VALUES('NB28','BRG26',15,180000);
INSERT INTO NOTA_BELI_BARANG VALUES('NB28','BRG22',20,180000);
INSERT INTO NOTA_BELI_BARANG VALUES('NB28','BRG09',35,180000);
INSERT INTO NOTA_BELI_BARANG VALUES('NB29','BRG30',30,180000);
INSERT INTO NOTA_BELI_BARANG VALUES('NB30','BRG34',25,25000);
INSERT INTO NOTA_BELI_BARANG VALUES('NB30','BRG13',40,360000);
INSERT INTO NOTA_BELI_BARANG VALUES('NB31','BRG03',40,250000);
INSERT INTO NOTA_BELI_BARANG VALUES('NB32','BRG27',30,230000);
INSERT INTO NOTA_BELI_BARANG VALUES('NB32','BRG04',20,85000);
INSERT INTO NOTA_BELI_BARANG VALUES('NB33','BRG36',10,180000);
INSERT INTO NOTA_BELI_BARANG VALUES('NB34','BRG20',30,240000);
INSERT INTO NOTA_BELI_BARANG VALUES('NB34','BRG02',35,30000);
INSERT INTO NOTA_BELI_BARANG VALUES('NB35','BRG43',5,1000000);
INSERT INTO NOTA_BELI_BARANG VALUES('NB35','BRG44',10,500000);
INSERT INTO NOTA_BELI_BARANG VALUES('NB35','BRG38',15,75000);
INSERT INTO NOTA_BELI_BARANG VALUES('NB36','BRG15',25,45000);
INSERT INTO NOTA_BELI_BARANG VALUES('NB36','BRG16',20,44000);
INSERT INTO NOTA_BELI_BARANG VALUES('NB37','BRG03',40,250000);
INSERT INTO NOTA_BELI_BARANG VALUES('NB37','BRG27',30,230000);
INSERT INTO NOTA_BELI_BARANG VALUES('NB38','BRG04',20,85000);
INSERT INTO NOTA_BELI_BARANG VALUES('NB38','BRG36',10,180000);
INSERT INTO NOTA_BELI_BARANG VALUES('NB39','BRG20',30,240000);
INSERT INTO NOTA_BELI_BARANG VALUES('NB39','BRG02',35,30000);
INSERT INTO NOTA_BELI_BARANG VALUES('NB40','BRG43',5,1000000);
INSERT INTO NOTA_BELI_BARANG VALUES('NB40','BRG44',10,500000);
INSERT INTO NOTA_BELI_BARANG VALUES('NB41','BRG05',40,105000);
INSERT INTO NOTA_BELI_BARANG VALUES('NB41','BRG31',20,50000);
INSERT INTO NOTA_BELI_BARANG VALUES('NB42','BRG01',30,300000);
INSERT INTO NOTA_BELI_BARANG VALUES('NB42','BRG03',40,250000);
INSERT INTO NOTA_BELI_BARANG VALUES('NB43','BRG27',30,230000);
INSERT INTO NOTA_BELI_BARANG VALUES('NB43','BRG04',20,85000);
INSERT INTO NOTA_BELI_BARANG VALUES('NB44','BRG36',10,180000);
INSERT INTO NOTA_BELI_BARANG VALUES('NB45','BRG27',20,210000);
INSERT INTO NOTA_BELI_BARANG VALUES('NB45','BRG04',5,75000);
INSERT INTO NOTA_BELI_BARANG VALUES('NB45','BRG36',5,150000);

INSERT INTO PROMO VALUES('PR01','BRG01',TO_DATE('2019-01-01','YYYY-MM-DD'),TO_DATE('2019-01-20','YYYY-MM-DD'),'PROMO TAHUN BARU',11000);
INSERT INTO PROMO VALUES('PR02','BRG12',TO_DATE('2019-01-01','YYYY-MM-DD'),TO_DATE('2019-01-20','YYYY-MM-DD'),'PROMO TAHUN BARU',16000);
INSERT INTO PROMO VALUES('PR03','BRG38',TO_DATE('2019-01-01','YYYY-MM-DD'),TO_DATE('2019-01-20','YYYY-MM-DD'),'PROMO TAHUN BARU',8500);
INSERT INTO PROMO VALUES('PR04','BRG45',TO_DATE('2019-02-12','YYYY-MM-DD'),TO_DATE('2019-02-15','YYYY-MM-DD'),'PROMO HARI VALENTINE',12500);
INSERT INTO PROMO VALUES('PR05','BRG21',TO_DATE('2019-03-15','YYYY-MM-DD'),TO_DATE('2019-03-20','YYYY-MM-DD'),'PROMO MARET',26500);
INSERT INTO PROMO VALUES('PR06','BRG35',TO_DATE('2019-04-01','YYYY-MM-DD'),TO_DATE('2019-04-02','YYYY-MM-DD'),'PROMO APRIL MOP',4000);
INSERT INTO PROMO VALUES('PR07','BRG17',TO_DATE('2019-10-08','YYYY-MM-DD'),TO_DATE('2019-10-05','YYYY-MM-DD'),'PROMO NOVEMBER CERIA',7500);
INSERT INTO PROMO VALUES('PR08','BRG17',TO_DATE('2019-06-03','YYYY-MM-DD'),TO_DATE('2019-06-20','YYYY-MM-DD'),'PROMO IDUL FITRI',7500);
INSERT INTO PROMO VALUES('PR09','BRG21',TO_DATE('2019-06-03','YYYY-MM-DD'),TO_DATE('2019-06-20','YYYY-MM-DD'),'PROMO IDUL FITRI',26000);
INSERT INTO PROMO VALUES('PR10','BRG20',TO_DATE('2019-01-14','YYYY-MM-DD'),TO_DATE('2019-07-17','YYYY-MM-DD'),'PROMO TAHUN BARU',12500);
INSERT INTO PROMO VALUES('PR11','BRG10',TO_DATE('2019-08-17','YYYY-MM-DD'),TO_DATE('2019-08-20','YYYY-MM-DD'),'PROMO HARI KEMERDEKAAN',11500);
INSERT INTO PROMO VALUES('PR12','BRG15',TO_DATE('2019-08-17','YYYY-MM-DD'),TO_DATE('2019-08-20','YYYY-MM-DD'),'PROMO HARI KEMERDEKAAN',3000);
INSERT INTO PROMO VALUES('PR13','BRG24',TO_DATE('2019-09-10','YYYY-MM-DD'),TO_DATE('2019-09-25','YYYY-MM-DD'),'PROMO HARI PAHLAWAN',11000);
INSERT INTO PROMO VALUES('PR14','BRG08',TO_DATE('2019-02-12','YYYY-MM-DD'),TO_DATE('2019-02-28','YYYY-MM-DD'),'PROMO HARI VALENTINE',11500);
INSERT INTO PROMO VALUES('PR15','BRG10',TO_DATE('2019-10-08','YYYY-MM-DD'),TO_DATE('2019-11-12','YYYY-MM-DD'),'PROMO NOVEMBER CERIA',6500);
INSERT INTO PROMO VALUES('PR16','BRG12',TO_DATE('2019-12-20','YYYY-MM-DD'),TO_DATE('2019-12-31','YYYY-MM-DD'),'PROMO NATAL',16000);
INSERT INTO PROMO VALUES('PR17','BRG09',TO_DATE('2019-12-20','YYYY-MM-DD'),TO_DATE('2019-12-31','YYYY-MM-DD'),'PROMO NATAL',4500);
INSERT INTO PROMO VALUES('PR18','BRG01',TO_DATE('2019-12-20','YYYY-MM-DD'),TO_DATE('2019-12-31','YYYY-MM-DD'),'PROMO NATAL',11000);

INSERT INTO AREA_PENGIRIMAN VALUES('AR01','AP01');
INSERT INTO AREA_PENGIRIMAN VALUES('AR02','AP02');
INSERT INTO AREA_PENGIRIMAN VALUES('AR01','AP05');
INSERT INTO AREA_PENGIRIMAN VALUES('AR01','AP06');
INSERT INTO AREA_PENGIRIMAN VALUES('AR03','AP10');
INSERT INTO AREA_PENGIRIMAN VALUES('AR02','AP15');
INSERT INTO AREA_PENGIRIMAN VALUES('AR01','AP09');
INSERT INTO AREA_PENGIRIMAN VALUES('AR04','AP08');
INSERT INTO AREA_PENGIRIMAN VALUES('AR04','AP07');
INSERT INTO AREA_PENGIRIMAN VALUES('AR02','AP04');
INSERT INTO AREA_PENGIRIMAN VALUES('AR03','AP03');
INSERT INTO AREA_PENGIRIMAN VALUES('AR04','AP10');
INSERT INTO AREA_PENGIRIMAN VALUES('AR01','AP12');
INSERT INTO AREA_PENGIRIMAN VALUES('AR02','AP13');
INSERT INTO AREA_PENGIRIMAN VALUES('AR03','AP14');